Energias,ZAPA,Gst ganado,Arreglo Gst,Coste de caja gst,GMT,Total GST ,Caja mb,HP%,Obtencion caja,Upgrades,TOTAL FECHA GST,TOTAL USDT FECHA,Fecha,Aclaraciones de Upgrades,Success LV1,Success LV2,Success LV3,Success LV4,Porcentajes ,lv1,lv2,lv3,lv4,,OK,gemas l1,gemaslv2,gemas lv3,gemas lv4
15,WL-925 ,91.22,27,117,,-52.78,5,99.04,3Rlv1 + 1Llv2,50,-102.78,9.1,1/10/22,3R lv1 OK,YES,,,,E,0.3306451613,0.4615384615,0.6086956522,#DIV/0!,,E,41,18,14,0
15,WL-925 ,86,27,38,,21,4,98.11,2Clv1 + 1Elv2,50,-29,8.9,2/10/22,3E lv1 Fail,NO,,,,C,0.4680851064,0.3636363636,0.625,0,,C,44,8,5,0
16,WL-925 ,97.3,29,108,,-39.7,5,97.21,3Rlv1 + 1Elv2,50,-89.7,2.9,4/10/22,3R lv1 fail,NO,,,,R,0.2666666667,0.5670103093,0.6428571429,1,,R,16,55,72,3
14.8,WL-925 ,87.17,26,100,,-38.83,5,96.29,3Elv1 + 1Elv2,50,-88.83,3.02,5/10/22,3E lv1 Fail,NO,,,,L,0.2952380952,0.393442623,0.6538461538,1,,L,31,24,17,1
5.6,WEG-579,34,6,,,28,F,99.67,,100,-72,,6/10/22,3Rlv1 fail,NO,,,,,,,,,,,,,,
5.6,WEG-579,33.5,6,,,27.5,F,99.42,,,27.5,,7/10/22,3Rlv1 fail,NO,,,,,,,,,,,,,,
16.4,WL-925 ,97.82,29,103,,-34.18,5,95.31,3Clv1 + 1Llv2,,-34.18,12.2,8/10/22,3Rlv1 fail,NO,,,,,,,,,,Fails,,,,
14.6,WEG-579,116.3,15,,,101.3,F,98.55,,,101.3,,9/10/22,3Rlv1 fail,NO,,,,,,,,,,E,83,21,9,0
4.6,WEG-579,36.05,5,,,31.05,F,98.31,,,31.05,,10/10/22,3Rlv1 fail,NO,,,,,,,,,,C,50,14,3,1
15,WL-925,88.48,27,101,,-39.52,5,93.52,3Clv1 + 1Rlv2,,-39.52,6.6,11/10/22,3Rlv1 fail,NO,,,,,,,,,,R,44,42,40,0
16.1,WL-925,98.73,29,105,,-35.27,5,92.47,3Rlv1 + 1Elv2,,-35.27,3,12/10/22,3Rlv1 fail,NO,,,,,,,,,,L,74,37,9,0
8.5,WEGMT-889,,12,,5.1,-12,F,99.62,,,-12,,13/10/22,3Rlv1 fail,NO,,,,,,,,,,,,,,
9.6,WEGMT-889,,14.8,,6.1,-14.8,F,99.24,,,-14.8,,14/10/22,3Elv1 Fail,NO,,,,,,,,,,,,,,
20,WL-925,120,36,116,,-32,5,91.33,3Llv1 + 1Clv2,,-32,11.6,15/10/22,3Elv1 Fail,NO,,,,,,,,,,,,,,
6.3,WL-925,34,8,57,,-31,4,90.95,2Elv1,,-31,0.5,16/10/22,3Elv1 Fail,NO,,,,,,,,,,,,,,
6,WEGMT-889,,7,,3,-7,F,98.95,,,-7,,16/10/22,3Rlv1 fail,NO,,,,,,,,,,,,,,
9,WEGMT-889,,13.3,,4.71,-13.3,F,98.61,,,-13.3,,17/10/22,3E lv1 Fail,NO,,,,,,,,,,,,,,
7,WEG-579,64.9,7,,,57.9,F,97.81,,,57.9,,18/10/22,,YES,,,,,,,,,,,,,,
12,WEG-579,87.1,11,,,76.1,F,97.12,,,76.1,,19/10/22,,YES,,,,,,,,,,,,,,
9,WL-925,52.36,16,45,,-8.64,4,90.42,2Llv1,,-8.64,0.6,20/10/22,3Elv1 ok,YES,,,,,,,,,,,,,,
1.4,WEG-579,11.02,2,,,9.02,F,97.04,,,9.02,,20/10/22,3L lv1 Fail,NO,,,,,,,,,,,,,,
2,WEGMT-889,,3,,1.16,-3,F,98.48,,,-3,,20/10/22,3C lv1 Fail,NO,,,,,,,,,,,,,,
20,UNC-WL-432,58.21,37.8,107,,-86.59,5,97.61,3Rlv1 + 1Clv2,,-86.59,9.1,21/10/22,3L lv1 Fail,YES,,,,,,,,,,,,,,
20,UNC-WL-432,55.2,37.8,289,,-271.6,6,95.11,6Llv1 + 2Rlv2 - SUNC,,-271.6,6.1,22/10/22,,,,,,,,,,,,,,,,
3,WEG-579,20.86,1.8,,,19.06,F,96.92,,,19.06,,23/10/22,,,,,,,,,,,,,,,,
4,WEGMT-889,,7.2,,2.65,-7.2,F,98.34,,,-7.2,,23/10/22,,,,,,,,,,,,,,,,
20,UNC-WL-432,60.5,37.8,265,,-242.3,6,93.22,6Rlv1 + 2Clv2,100,-342.3,8.2,24/10/22,3Rlv2 OK ,,YES,,,,,,,,,,,,,
7,WEG-579,54.2,4.2,,,50,F,96.58,,,50,,25/10/22,,,,,,,,,,,,,,,,
5.6,WEGMT-889,,8.4,,3.35,-8.4,F,98.14,,,-8.4,,25/10/22,,,,,,,,,,,,,,,,
17.4,UNC-WL-432,51.92,32,262,,-242.08,6,91.23,6Clv1 + 2Rlv2,100,-342.08,5.6,26/10/22,3Rlv2 Fail,,NO,,,,,,,,,,,,,
10.4,WEG-579,81,6.6,,,74.4,F,96.03,,50,24.4,,27/10/22,3C lv1 Fail,NO,,,,,,,,,,,,,,
17.6,UNC-WL-432,53.47,34.7,256,,-237.23,6,89.27,6Rlv1 + 2Rlv2,50,-287.23,2.56,28/10/22,3Rlv1 OK,YES,,,,,,,,,,,,,,
15.8,WEG-579,136.32,10.8,,,125.52,F,95.09,,50,75.52,,29/10/22,3Rlv1 OK,YES,,,,,,,,,,,,,,
16,WEG-579,129.7,10.8,,,118.9,F,94.01,,50,68.9,,30/10/22,3Rlv1 Fail,NO,,,,,,,,,,,,,,
11,WEG-579,84.94,6.6,,,78.34,F,93.64,,50,28.34,,31/10/22,3Rlv1 Fail,NO,,,,,,,,,,,,,,
17.4,UNC-WL-432,52.18,5.7,258,,-211.52,6,87.72,6Elv1 + 2Rlv2,50,-261.52,2.1,1/11/22,3Rlv1 Fail,NO,,,,,,,,,,,,,,
9,WEG-579,83.6,2.4,,,81.2,F,92.89,,100,-18.8,,2/11/22,3Rlv2 Fail,NO,NO,,,,,,,,,,,,,
18,UNC-WL-432,53.01,4.8,264,,-215.79,6,86.33,6Clv1 + 2Clv2,50,-265.79,18.3,3/11/22,3Clv1 OK,YES,,,,,,,,,,,,,,
4,WEGMT-889,,6,,1.98,-6,F,98.02,,,-6,,3/11/22,3Elv1 fail,NO,,,,,,,,,,,,,,
20,UNC-WL-432,59.3,5.2,114,,-59.9,5,84.68,3Rlv1 + 1Elv2,,-59.9,2.9,5/11/22,3Elv1 fail,NO,,,,,,,,,,,,,,
4,WEG-579,27.6,1,,,26.6,F,92.54,,,26.6,,5/11/22,3Elv1 fail,NO,,,,,,,,,,,,,,
16,WEG-579,131,6.6,,,124.4,F,91.71,,50,74.4,,6/11/22,3Rlv1 Fail,NO,,,,,,,,,,,,,,
20,UNC-WL-432,60.6,5.78,107,,-52.18,5,82.92,3Llv1 + 1Elv2,50,-102.18,3.3,7/11/22,3Llv1 Fail,NO,,,,,,,,,,,,,,
12,WEG-579,88.7,4.5,,,84.2,F,91.16,,50,34.2,,8/11/22,3Llv1 Fail,NO,,,,,,,,,,,,,,
18,WEG-579,143.8,5.4,,,138.4,F,90.14,,50,88.4,,9/11/22,3Llv1 Fail,NO,,,,,,,,,,,,,,
16,WEG-579,125.9,6.6,,,119.3,F,89.37,,50,69.3,,10/11/22,3Rlv1 OK,YES,,,,,,,,,,,,,,
20,UNC-WL-432,60.4,5.8,411,,-356.4,6,81.31,3Clv1 + 2Elv2,50,-406.4,8.8,11/11/22,3Llv1 OK,YES,,,,,,,,,,,,,,
8,WEG-579,54.6,2.2,,,52.4,F,88.79,,50,2.4,,12/11/22,3Elv1 OK,YES,,,,,,,,,,,,,,
20,UNC-WL-432,58.7,5.76,525,,-472.06,7,79.69,10Clv1 + 4Elv2,50,-522.06,19.1,13/11/22,3Elv1 Fail,NO,,,,,,,,,,,,,,
20,UNC-WL-432,60.2,5.76,255,,-200.56,6,77.92,6Elv1 + 2Llv2 + 1Rlv3,50,-250.56,12.9,14/11/22,3Elv1 Fail,NO,,,,,,,,,,,,,,
20,UNC-WL-432,59.9,5.76,255,,-200.86,6,76.24,6Elv1 + 2Elv2,50,-250.86,6.1,15/11/22,3Clv1 fail,NO,,,,,,,,,,,,,,
12,WEG-579,90.1,4.5,,,85.6,F,88.53,,100,-14.4,,16/11/22,3Rlv2 fail,NO,NO,,,,,,,,,,,,,
16,WEG-579,127.9,6.6,,,121.3,F,87.58,,50,71.3,,17/11/22,3Clv1 fail,NO,,,,,,,,,,,,,,
14,WEG-579,109,4.8,,,104.2,F,86.84,,100,4.2,,18/11/22,3Elv2 fail,,NO,,,,,,,,,,,,,
8,WEG-579,77.6,5.2,,,72.4,F,86.41,,50,22.4,,19/11/22,3Clv1 OK,YES,,,,,,,,,,,,,,
20,UNC-WL-432,59.8,5.7,261,,-206.9,6,74.62,6Clv1 + 2Rlv2,100,-306.9,,20/11/22,3Llv2  fail,,NO,,,,,,,,,,,,,
16,UNC-WL-432,47.2,5,543,,-500.8,7,73.11,10Rlv1 + 3Clv2,100,-600.8,31,25/11/22,3Elv2  fail,,NO,,,,,,,,,,,,,
12,WEG-579,88.7,4.5,,,84.2,F,85.41,,50,34.2,,27/11/22,3Clv1 fail,NO,,,,,,,,,,,,,,
16,WEG-579,137.32,6.6,,,130.72,F,84.31,,50,80.72,,28/11/22,3Clv1 fail,NO,,,,,,,,,,,,,,
14,WEG-579,108,4.8,,,103.2,F,83.21,,100,3.2,,29/11/22,3Clv1 OK,YES,,,,,,,,,,,,,,
20,UNC-WL-432,59.2,5.76,271,,-217.56,6,71.81,6Elv1 + 2Clv2,100,-317.56,21,30/11/22,3Elv1 fail,NO,,,,,,,,,,,,,,
20,UNC-WL-432,60.1,5.76,258,,-203.66,6,70.33,6Rlv1 + 2Rlv2,100,-303.66,4.1,1/12/22,3Elv1 ok,YES,,,,,,,,,,,,,,
20,UNC-WL-432,58.7,5.76,276,,-223.06,6,68.33,6Llv1 + 2Clv2,50,-273.06,20,2/12/22,3Elv2 ok,,YES,,,,,,,,,,,,,
8,UNC-WEG-168,115,8,,,107,F,99.54,,100,7,,3/12/22,3Clv1 fail,NO,,,,,,,,,,,,,,
12.3,UNC-WEG-168,165,11.5,,,153.5,F,98.32,,100,53.5,,4/12/22,3Rlv2 fail,,NO,,,,,,,,,,,,,
10,UNC-WEG-168,150,9.79,,,140.21,F,97.52,,100,40.21,,5/12/22,3Elv2 fail,,NO,,,,,,,,,,,,,
12,UNC-WEG-168,169.5,11.2,,,158.3,F,95.72,,250,-91.7,,6/12/22,3Elv1 fail,NO,,,,,,,,,,,,,,
21,UNC-WL-432,62,5.76,261,,-204.76,6,66.61,6Clv1 + 2Rlv2,50,-254.76,5.6,7/12/22,3Llv1 fail,NO,,,,,,,,,,,,,,
17,UNC-WL-432,51.8,5.7,257,,-210.9,6,65.22,6Rlv1 + 1Llv2,50,-260.9,4,8/12/22,3Rlv1 OK,YES,,,,,,,,,,,,,,
10,UNC-WEG-168,153,9.79,,,143.21,F,95.18,,100,43.21,,9/12/22,3Rlv2 OK,NO,YES,,,,,,,,,,,,,
22,UNC-WL-432,64.2,8.5,259,,-203.3,6,63.42,6Elv1 + 2Elv2,100,-303.3,6.2,10/12/22,3Rlv2 fail,NO,,,,,,,,,,,,,,
24,UNC-WL-432,67.1,9.5,270,,-212.4,6,61.82,6Clv1 + 2Rlv2,100,-312.4,5,11/12/22,3Rlv1 fail,NO,,,,,,,,,,,,,,
20,UNC-WEG-168,300,26,,,274,F,93.98,,50,224,,12/12/22,3Llv1 fail,NO,,,,,,,,,,,,,,
20,UNC-WEG-168,300,26,,,274,F,92.78,,50,224,,13/12/22,3Llv1 OK,YES,,,,,,,,,,,,,,
10,UNC-WEG-168,300,9.79,,,290.21,F,92.28,,100,190.21,,14/12/22,3Llv2 fail,,NO,,,,,,,,,,,,,
10,UNC-WEG-168,300,9.79,,,290.21,F,91.71,,50,240.21,,15/12/22,3Clv1 fail,NO,,,,,,,,,,,,,,
10,UNC-WEG-168,300,9.79,,,290.21,F,91.01,,50,240.21,,16/12/22,3Clv1 fail,NO,,,,,,,,,,,,,,
4.5,UNC-WEG-168,139,4.5,,,134.5,F,90.61,,50,84.5,,17/12/22,3Rlv1 fail,NO,,,,,,,,,,,,,,
21,UNC-WL-432,143.47,8.5,265,,-130.03,6,60.02,6Llv1 + 2Elv2,50,-180.03,4.6,18/12/22,3Rlv1 ok,YES,,,,,,,,,,,,,,
21,UNC-WL-432,143.47,8.5,283,,-148.03,6,58.27,6Rlv1 + 2Clv2,100,-248.03,14.5,19/12/22,3Elv2 Fail,,NO,,,,,,,,,,,,,
20,WEGMT-889,,30,,6,-30,F,97.72,,100,-130,,20/12/22,3Rlv2 ok,,YES,,,,,,,,,,,,,
20,WEGMT-889,,30,,6,-30,F,97.32,,50,-80,,21/12/22,3Clv1 fail,NO,,,,,,,,,,,,,,
17,UNC-WL-432,102.2,5.7,275,,-178.5,6,55.65,6Rlv1 + 2Rlv2 ,50,-228.5,,22/12/22,3Clv1 fail,NO,,,,,,,,,,,,,,
10,UNC-WEG-168,300,9.79,,,290.21,F,89.11,,,290.21,,23/12/22,,,,,,,,,,,,,,,,
10,UNC-WEG-168,300,9.79,,,290.21,F,88.51,,,290.21,,24/12/22,,,,,,,,,,,,,,,,
4,WEGMT-889,,10,,2,-10,F,97.01,,,-10,,24/12/22,,,,,,,,,,,,,,,,
10,UNC-WEG-168,300,9.79,,,290.21,F,87.96,,,290.21,,25/12/22,,,,,,,,,,,,,,,,
7,WEGMT-889,,12,,6.5,-12,F,96.51,,,-12,,25/12/22,,,,,,,,,,,,,,,,
10,UNC-WEG-168,300,9.79,,,290.21,F,87.26,,,290.21,,26/12/22,,,,,,,,,,,,,,,,
7,WEGMT-889,,12,,7,-12,F,96.21,,,-12,,26/12/22,,,,,,,,,,,,,,,,
10,UNC-WEG-168,300,9.79,,,290.21,F,86.76,,,290.21,,27/12/22,,,,,,,,,,,,,,,,
10,WEGMT-889,,15,,7,-15,F,95.91,,,-15,,27/12/22,,,,,,,,,,,,,,,,
18,UNC-WL-432,106,5.7,266,,-165.7,6,54.18,6Elv1 + 2Llv2,,-165.7,8,28/12/22,,,,,,,,,,,,,,,,
7,UNC-WEG-168,180,7.7,,,172.3,F,86.38,,100,72.3,,28/12/22,3Elv2 Fail,,NO,,,,,,,,,,,,,
15,UNC-WL-432,87.39,9.79,261,,-183.4,6,53.18,6Clv1 + 2Rlv2 + 1Elv3,100,-283.4,20,29/12/22,3Llv2 Fail,,NO,,,,,,,,,,,,,
5,UNC-WEG-168,172,6,,,166,F,85.98,,,166,11,29/12/22,,,,,,,,,,,,,,,,
15,UNC-WL-432,85.39,4.2,272,,-190.81,6,51.71,6Rlv1 + 1Clv2,,-190.81,14,30/12/22,,,,,,,,,,,,,,,,
15,UNC-WL-432,83.93,4.2,261,,-181.27,6,50.45,6Llv1 + 1Llv2,,-181.27,4,31/12/22,,,,,,,,,,,,,,,,
20,UNC-WEG-168,269,24.4,,,244.6,F,84.81,,,244.6,,1/1/23,,,,,,,,,,,,,,,,
20,UNC-WEG-168,269,24.4,,,244.6,F,83.75,,,244.6,,2/1/23,,,,,,,,,,,,,,,,
20,UNC-WEG-168,269,24.4,,,244.6,F,82.71,,50,194.6,,3/1/23,3Llv1 OK,YES,,,,,,,,,,,,,,
20,UNC-WEG-168,269,24.4,,,244.6,F,81.64,,100,144.6,,4/1/23,3Rlv2 FAIL,,NO,,,,,,,,,,,,,
20,WEGMT-889,,30,,12.8,-30,F,95.11,,50,-80,,5/1/23,3Clv1 Fail,NO,,,,,,,,,,,,,,
20,WEGMT-889,,30,,13.5,-30,F,94.29,,50,-80,,6/1/23,3Clv1 OK,YES,,,,,,,,,,,,,,
17,WL-925,159.3,20,100,,39.3,5,89.32,3Elv1 + 1Llv2 ,100,-60.7,5.2,7/1/23,3Llv2 OK,,YES,,,,,,,,,,,,,
17,UNC-WL-432,48.7,4.8,264,,-220.1,6,49.01,6Rlv1 + 2Rlv2,,-220.1,4,8/1/23,,,,,,,,,,,,,,,,
17,UNC-WL-432,50.2,4.8,278,,-232.6,6,47.65,6Llv1 + 2Rlv2 + 1Rlv3,50,-282.6,11,9/1/23,3Llv1 OK,YES,,,,,,,,,,,,,,
17,UNC-WEG-168,300,21.8,,,278.2,F,80.59,,50,228.2,,10/1/23,3Llv1 F,NO,,,,,,,,,,,,,,
17,UNC-WL-432,48.1,4.8,107,,-63.7,5,45.77,3Llv1 + 1Clv2,100,-163.7,10,11/1/23,3Llv2 OK,,YES,,,,,,,,,,,,,
17,UNC-WEG-168,300,24.4,,,275.6,F,79.51,,100,175.6,,12/1/23,3Llv2 F,,NO,,,,,,,,,,,,,
17,UNC-WEG-168,300,21.8,,,278.2,F,78.43,,,278.2,,13/1/23,,,,,,,,,,,,,,,,
17,UNC-WL-432,47.8,4.8,264,,-221,6,44.86,6Elv1 + 2Elv2,100,-321,7,14/1/23,3Elv2 OK,,YES,,,,,,,,,,,,,
17,UNC-WEG-168,300,21.8,,,278.2,F,77.37,,100,178.2,,15/1/23,3Elv2 F,,NO,,,,,,,,,,,,,
17,UNC-WEG-168,300,21.8,,,278.2,F,76.33,,,278.2,,16/1/23,,,,,,,,,,,,,,,,
17,UNC-WEG-168,300,21.8,,,278.2,F,75.29,,50,228.2,,17/1/23,3Llv1 OK,YES,,,,,,,,,,,,,,
11.3,UNC-WL-432,35.6,2.8,107,,-74.2,5,43.98,3Rlv1 + 1Rlv2,100,-174.2,2,18/1/23,3Rlv2 OK,,YES,,,,,,,,,,,,,
19,UNC-WL-432,52.7,5.7,263,,-216,6,42.38,6Elv1 + 2Rlv2,200,-416,5,19/1/23,3Rlv3 OK,,,YES,,,,,,,,,,,,
11.2,UNC-WL-432,32.2,2.8,108,,-78.6,5,40.88,3Elv1 + 1Elv2,100,-178.6,4,20/1/23,3Rlv2 OK,,YES,,,,,,,,,,,,,
17,UNC-WEG-168,299.7,21.8,,,277.9,F,74.23,,100,177.9,,21/1/23,3Rlv2 OK,,YES,,,,,,,,,,,,,
17,UNC-WEG-168,300,21.8,,,278.2,F,73.18,,100,178.2,,22/1/23,3Rlv2 F,,NO,,,,,,,,,,,,,
17,UNC-WEG-168,300,21.8,,,278.2,F,72.89,,200,78.2,,23/1/23,3Rlv3 OK,,,YES,,,,,,,,,,,,
17,UNC-WEG-168,300,21.8,,,278.2,F,72.21,,100,178.2,,24/1/23,3Rlv2 F,,NO,,,,,,,,,,,,,
16,UNC-WL-432,45.9,4.2,261,,-219.3,6,39.78,6Rlv1 + 2Clv2 + SUNC,,-219.3,21,25/1/23,,,,,,,,,,,,,,,,
15,UNC-WL-432,43,4.2,273,,-234.2,6,38.62,6Clv1 + 2Llv2 ,100,-334.2,18,26/1/23,3Llv2 F,,NO,,,,,,,,,,,,,
12.6,UNC-WL-432,38.2,4.2,258,,-224,6,38.12,6Elv1 + 2Elv2 + SCOM,50,-274,11,27/1/23,3Clv1 OK,YES,,,,,,,,,,,,,,
12.6,UNC-WL-432,38.2,4.2,273,,-239,6,37.72,6Clv1 + 2Elv2 ,50,-289,8,28/1/23,3Clv1 F,NO,,,,,,,,,,,,,,
30,UNC-WEG-168,420,36,,,384,F,71.51,,100,284,,29/1/23,3Elv2 OK,,YES,,,,,,,,,,,,,
13.6,UNC-WL-432,39.05,3.8,281,,-245.75,6,36.56,6Elv1 + 2Elv2 ,50,-295.75,,30/1/23,3Clv1 OK,YES,,,,,,,,,,,,,,
27.8,UNC-WEG-168,350,30,,,320,F,69.71,,50,270,,31/1/23,3Clv1 OK,YES,,,,,,,,,,,,,,
17,UNC-WEG-168,300,21.8,,,278.2,F,67.71,,100,178.2,,1/2/23,3Elv2 OK,,YES,,,,,,,,,,,,,
17,UNC-WEG-168,300,21.8,,,278.2,F,66.69,,100,178.2,,2/2/23,3Elv2 F,,NO,,,,,,,,,,,,,
13.6,UNC-WL-432,40,7.8,259,,-226.8,6,35.43,6Clv1 + 1Rlv2 ,100,-326.8,6.2,3/2/23,3Elv2 OK,,YES,,,,,,,,,,,,,
12.6,UNC-WL-432,36.7,7.6,100,,-70.9,5,34.43,3Llv1 + 1Clv2,100,-170.9,10,4/2/23,3Elv2 F,,NO,,,,,,,,,,,,,
12,UNC-WL-432,37.1,7.6,266,,-236.5,6,33.43,6Rlv1 + 2Llv2 ,50,-286.5,12,4/2/23,3Clv1 fail,NO,,,,,,,,,,,,,,
22,WEG-579,291,12,,,279,F,82.61,,100,179,,5/2/23,3Llv2 F,,NO,,,,,,,,,,,,,
22,WEG-579,291,12,,,279,F,82.01,,100,179,,6/2/23,3Llv2 F,,NO,,,,,,,,,,,,,
22,WEG-579,291,12,,,279,F,81.51,,50,229,,7/2/23,3Clv1 OK,YES,,,,,,,,,,,,,,
22,WEG-579,291,12,,,279,F,81.01,,50,229,,8/2/23,3Clv1 F,NO,,,,,,,,,,,,,,
13,UNC-WL-432,39,7.8,268,,-236.8,6,32.33,6Elv1 + 1Clv2 + 1Clv3,100,-336.8,62,9/2/23,3Rlv2 OK,,YES,,,,,,,,,,,,,
21,UNC-WEG-168,410,26,,,384,F,64.08,,100,284,,10/2/23,3Rlv2 OK,,YES,,,,,,,,,,,,,
14,UNC-WEG-168,298,13,,,285,F,62.78,,200,85,,11/2/23,3Rlv3 OK,,,YES,,,,,,,,,,,,
6,WEGMT-889,,4.5,,3,-4.5,F,93.91,,200,-204.5,,11/2/23,3Rlv3 OK,,,YES,,,,,,,,,,,,
13,UNC-WEG-168,245,12.3,,,232.7,F,62.12,,100,132.7,,12/2/23,3Rlv2 OK,,YES,,,,,,,,,,,,,
16,UNC-WEG-168,285,12.3,,,272.7,F,61.22,,200,72.7,,13/2/23,3Rlv2 OK,,YES,,,,,,,,,,,,,
16,WL-925,116.8,20,255,,-158.2,6,88.32,6Rlv1 + 2Clv2,100,-258.2,20,14/2/23,3Rlv2 OK,,YES,,,,,,,,,,,,,
8,WL-925,77,10,100,,-33,5,87.87,3Elv1 + 1Clv2 ,100,-133,11.5,15/2/23,3Rlv2 OK,,YES,,,,,,,,,,,,,
13,UNC-WL-432,37,7.8,261,,-231.8,6,31.23,6Rlv1 + 2Elv2,100,-331.8,7,15/2/23,3Rlv2 F,,NO,,,,,,,,,,,,,
19,UNC-WEG-168,330,22.6,,,307.4,F,59.88,,50,257.4,,16/2/23,3Llv1 OK,YES,,,,,,,,,,,,,,
21,UNC-WEG-168,370,26,,,344,F,59.33,,200,144,,17/2/23,3Rlv3 OK,,,YES,,,,,,,,,,,,
20,RAREMHTE-020,300,9,,6.3,291,F,99.79,,200,91,,18/2/23,3Rlv3 OK,,,YES,,,,,,,,,,,,
21,WL-925,300,36,255,,9,6,86.56,6Rlv1 + 1Elv2,200,-191,4,19/2/23,3Rlv3 OK,,,YES,,,,,,,,,,,,
20,RAREMHTE-020,300,9,,7.1,291,F,99.42,,200,91,,19/2/23,3Rlv3 F,,,NO,,,,,,,,,,,,
20,RAREMHTE-020,300,9,,4.9,291,F,99.12,,200,91,,20/2/23,3Elv3 OK,,,YES,,,,,,,,,,,,
20,RAREMHTE-020,300,9,,9,291,F,98.82,,200,91,,21/2/23,3Rlv3 OK,,,YES,,,,,,,,,,,,
20,RAREMHTE-020,300,9,,8,291,F,98.52,,200,91,,22/2/23,3Rlv3 F,,,NO,,,,,,,,,,,,
7,RAREMHTE-020,160,4.5,,,155.5,F,98.42,,200,-44.5,,23/2/23,3Rlv3 OK,,,YES,,,,,,,,,,,,
25,UNC-WL-432,66,2.88,1024,,-960.88,8,29.22,10Rlv1 + 6Llv2 + 1Clv3,200,-1160.88,72,24/2/23,3Rlv3 OK,,,YES,,,,,,,,,,,,
10.2,WL-925,130,13,35,,82,4,85.86,2Elv1,100,-18,0.5,25/2/23,3Elv3 OK,,,YES,,,,,,,,,,,,
20,WL-925,300,36,525,,-261,7,84.93,10Rlv1 + 4Rlv2,100,-361,4,26/2/23,3Clv2 OK,,YES,,,,,,,,,,,,,
20,RAREMHTE-020,300,9,,10,291,F,98.02,,200,91,,27/2/23,3Clv2 OK,,YES,,,,,,,,,,,,,
20,RAREMHTE-020,300,9,,10,291,F,97.89,,50,241,,28/2/23,3Clv1 OK,YES,,,,,,,,,,,,,,
25,UNC-WL-432,68,2.88,1024,,-958.88,8,27.22,10Clv1 + 6Llv2,200,-1158.88,36,3/3/23,3Clv1 F,NO,,,,,,,,,,,,,,
25,RARE-WL-1041,0,28.5,1024,33.3,-1052.5,8,99.49,10Rlv1 + 6Rlv2,200,-1252.5,11.5,3/3/23,3Rlv3 ok ,,,YES,,,,,,,,,,,,
10,RAREMHTE-020,265,4.5,,,260.5,F,97.69,,100,160.5,,4/3/23,3Llv2 OK,,YES,,,,,,,,,,,,,
5,RAREMHTE-020,135,3,,,132,F,97.49,,200,-68,,4/3/23,3Rlv2 OK,,YES,,,,,,,,,,,,,
20,RARE-WL-1041,0,22,,28,-22,F,99.23,,50,-72,,5/3/23,3Llv3 OK,,,YES,,,,,,,,,,,,
5,RAREMHTE-020,135,3,,,132,F,97.37,,50,82,,5/3/23,3Clv2 F,,NO,,,,,,,,,,,,,
12.6,RAREMHTE-020,285,4.5,,,280.5,F,97.27,,50,230.5,,6/3/23,3Rlv3 F,,,NO,,,,,,,,,,,,
13,RARE-WL-1041,,16,,15,-16,F,99.84,,200,-216,,6/3/23,3Rlv3 F,,,NO,,,,,,,,,,,,
8,RARE-WL-1041,,11,,8.6,-11,F,99.71,,300,-311,,7/3/23,3Elv3 OK,,,YES,,,,,,,,,,,,
12,RAREMHTE-020,300,4.5,,,295.5,F,96.99,,100,195.5,,7/3/23,3Rlv3 F,,,NO,,,,,,,,,,,,
5,RARE-WL-1041,,8,,4.4,-8,F,99.61,,100,-108,,8/3/23,3Clv2 F,,NO,,,,,,,,,,,,,
12,RAREMHTE-020,288,4.5,,,283.5,F,96.69,,200,83.5,,8/3/23,3Elv3 OK,,,YES,,,,,,,,,,,,
5,RARE-WL-1041,,8,,4,-8,F,98.44,,200,-208,,9/3/23,3Rlv3 OK,,,YES,,,,,,,,,,,,
11,RAREMHTE-020,282,4.5,,,277.5,F,96.49,,200,77.5,,9/3/23,3Llv3 OK,,,YES,,,,,,,,,,,,
25,RARE-WL-1041,,28.5,1024,27,-1052.5,8,98.14,10Llv1 + 6Rlv2 + 1Rlv3,100,-1152.5,19,10/3/23,3Rlv3 F,,,NO,,,,,,,,,,,,
5,UNC-WEG-168,99,13,,,86,F,55.08,,100,-14,,11/3/23,3Clv3 OK,,,YES,,,,,,,,,,,,
25,RARE-WL-1041,,28.5,525,26.9,-553.5,7,97.62,10Llv1 + 4Llv2 ,200,-753.5,10,12/3/23,3Llv3 OK,,,YES,,,,,,,,,,,,
10,RAREMHTE-020,273,4.5,,,268.5,F,96.29,,200,68.5,,12/3/23,3Clv2 F,,NO,,,,,,,,,,,,,
10,RAREMHTE-020,277,4.5,,,272.5,F,96.09,,100,172.5,,13/3/23,3Clv2 F,,NO,,,,,,,,,,,,,
11,RAREMHTE-020,300,4.5,,,295.5,F,95.89,,100,195.5,,14/3/23,3Clv2 F,,NO,,,,,,,,,,,,,
10.4,RAREMHTE-020,300,4.5,,,295.5,F,95.69,,100,195.5,,15/3/23,3Clv2 OK,,YES,,,,,,,,,,,,,
4.5,RARE-WL-1041,,8,,5.5,-8,F,97.52,,100,-108,,15/3/23,3Clv2 OK,,YES,,,,,,,,,,,,,
25,RARE-WL-1041,,28.5,1824,26.66,-1852.5,9,97.01,10Elv1 + 9Llv2 + 1Llv3,100,-1952.5,71,16/3/23,3Clv3 F,,,NO,,,,,,,,,,,,
10,RAREMHTE-020,283,4.5,,,278.5,F,95.39,,200,78.5,,16/3/23,3Elv3 OK,,,YES,,,,,,,,,,,,
8,RAREMHTE-020,245,4.5,,,240.5,F,95.09,,200,40.5,,17/3/23,3Elv3 OK,,,YES,,,,,,,,,,,,
25,RARE-WL-1041,,28.5,1024,31.3,-1052.5,8,96.49,10Elv1 + 6Rlv2 + 1Elv3,200,-1252.5,34,18/3/23,3Elv3 OK,,,YES,,,,,,,,,,,,
5,RAREMHTE-020,135,4.5,,,130.5,F,94.79,,200,-69.5,,18/3/23,3Elv3 F,,,NO,,,,,,,,,,,,
10,RARE-WL-1041,,12,,12.52,-12,F,96.31,,50,-62,,19/3/23,3Rlv3 F,,,NO,,,,,,,,,,,,
10,RAREMHTE-020,272,1.5,,,270.5,F,94.59,,50,220.5,,19/3/23,3Rlv3 F,,,NO,,,,,,,,,,,,
9,RAREMHTE-020,256,1.5,,,254.5,F,94.46,,50,204.5,,20/3/23,3Rlv3 F,,,NO,,,,,,,,,,,,
10,RARE-WL-1041,,12,,13,-12,F,96.16,,100,-112,,20/3/23,3Rlv3 F,,,NO,,,,,,,,,,,,
11.2,RAREMHTE-020,300,4.5,,,295.5,F,94.16,,100,195.5,,21/3/23,3Rlv3 F,,,NO,,,,,,,,,,,,
8.8,RARE-WL-1041,,12,,10.16,-12,F,96.06,,100,-112,,21/3/23,3Rlv3 OK,,,YES,,,,,,,,,,,,
10.6,RAREMHTE-020,300,4.5,,,295.5,F,93.88,,50,245.5,,22/3/23,3Rlv3 OK,,,YES,,,,,,,,,,,,
7.2,RARE-WL-1041,,9,,8.53,-9,F,95.93,,100,-109,,22/3/23,3Rlv3 OK,,,YES,,,,,,,,,,,,
10,RAREMHTE-020,300,4.5,,,295.5,F,93.62,,100,195.5,,23/3/23,3Rlv3 OK,,,YES,,,,,,,,,,,,
6.4,RARE-WL-1041,,7.5,,6.64,-7.5,F,95.81,,200,-207.5,,23/3/23,3Rlv3 OK,,,YES,,,,,,,,,,,,
25,RARE-WL-1041,,28.5,1024,33.3,-1052.5,8,95.31,10Clv1 + 6Clv2 + 1Rlv3,100,-1152.5,84,24/3/23,3Rlv3 OK,,,YES,,,,,,,,,,,,
10,RAREMHTE-020,284,3,,,281,F,93.38,,200,81,,24/3/23,3Rlv3 OK,,,YES,,,,,,,,,,,,
25,RARE-WL-1041,,28.5,1024,26.5,-1052.5,8,94.81,10Rlv1 + 6Elv2 + 1Rlv3,,-1052.5,33,26/3/23,3Rlv3 OK,,,YES,,,,,,,,,,,,
10,RAREMHTE-020,279,3,,,276,F,93.14,,,276,,26/3/23,3Llv3 OK,,,YES,,,,,,,,,,,,
6.6,RARE-WL-1041,,4.5,,7.71,-4.5,F,94.68,,,-4.5,,27/3/23,3Llv3 OK,,,YES,,,,,,,,,,,,
10.6,RAREMHTE-020,297,3,,,294,F,92.85,,,294,,27/3/23,3Rlv4 OK,,,,YES,,,,,,,,,,,
7.6,RARE-WL-1041,,4.5,,8.21,-4.5,F,94.53,,,-4.5,,28/3/23,3Rlv4 OK,,,,YES,,,,,,,,,,,
10.6,RAREMHTE-020,296,3,,,293,F,92.61,,,293,,28/3/23,3Llv4 OK,,,,YES,,,,,,,,,,,
4.6,RARE-WL-1041,,6,,5.07,-6,F,94.46,,,-6,,29/3/23,3Rlv3 OK,,,YES,,,,,,,,,,,,
11,RAREMHTE-020,299,1.5,,,297.5,F,92.32,,,297.5,,29/3/23,3Rlv3 OK,,,YES,,,,,,,,,,,,
12.4,RARE-WL-1041,,16,,8.5,-16,F,94.34,,,-16,,30/3/23,3Rlv3 OK,,,YES,,,,,,,,,,,,
11,RAREMHTE-020,297,1.5,,,295.5,F,91.99,,,295.5,,30/3/23,3Rlv3 OK,,,YES,,,,,,,,,,,,
8.6,RARE-WL-1041,,6,,10.33,-6,F,94.16,,,-6,,31/3/23,3Rlv3 OK,,,YES,,,,,,,,,,,,
11,RAREMHTE-020,293,1.5,,,291.5,F,91.78,,,291.5,,31/3/23,3Rlv3 F,,,NO,,,,,,,,,,,,
25,RARE-WL-1041,,28.5,1024,35,-1052.5,8,93.66,10Rlv1 + 6Rlv2 + 1Clv3,100,-1152.5,80,1/4/23,3Rlv3 F,,,NO,,,,,,,,,,,,
25,RARE-WL-1041,,28.5,1300,31.75,-1328.5,8,93.16,10Rlv1 + 6Elv2 + 1Elv3,100,-1428.5,30,2/4/23,3Llv3 F,,,NO,,,,,,,,,,,,
11,RAREMHTE-020,300,1.5,,,298.5,F,91.52,,200,98.5,,3/4/23,3Llv3 F,,,NO,,,,,,,,,,,,
3.8,RARE-WL-1041,,4.5,,4,-4.5,F,93.09,,100,-104.5,,3/4/23,3Clv2 F,,NO,,,,,,,,,,,,,
10.6,RAREMHTE-020,278,1.5,,,276.5,F,,,100,176.5,,4/4/23,3Elv3 OK,,,YES,,,,,,,,,,,,
9,RARE-WL-1041,,4.5,,10,-4.5,F,,,50,-54.5,,4/4/23,3Elv3 F,,,NO,,,,,,,,,,,,
9.6,RAREMHTE-020,260,1.5,,,258.5,F,,,200,58.5,,5/4/23,3Llv3 F,,,NO,,,,,,,,,,,,
9,RARE-WL-1041,,4.5,,8.9,-4.5,F,,,200,-204.5,,6/4/23,3Elv3 F,,,NO,,,,,,,,,,,,
11,RAREMHTE-020,294,1.5,,,292.5,F,,,200,92.5,,6/4/23,3Rlv3 OK,,,YES,,,,,,,,,,,,
9,RARE-WL-1041,,4.5,,9,-4.5,F,,,200,-204.5,,7/4/23,3Clv3 OK,,,YES,,,,,,,,,,,,
11,RAREMHTE-020,298,1.5,,,296.5,F,90.52,,100,196.5,,7/4/23,3Elv3 OK,,,YES,,,,,,,,,,,,
9,RARE-WL-1041,,4.5,,14.5,-4.5,F,92.49,,200,-204.5,,8/4/23,3Llv3 OK,,,YES,,,,,,,,,,,,
9,RAREMHTE-020,260,1.5,,,258.5,F,90.28,,200,58.5,,8/4/23,3Llv3 OK,,,YES,,,,,,,,,,,,
25,RARE-WL-1041,,28.5,541,31.82,-569.5,7,91.92,6Clv1 + 3Clv2 ,200,-769.5,39,9/4/23,3Rlv3 F,,,NO,,,,,,,,,,,,
9,RAREMHTE-020,249,1.5,,,247.5,F,89.83,,200,47.5,,10/4/23,3Rlv3 OK,,,YES,,,,,,,,,,,,
15,RARE-WL-1041,,16,327,10.8,-343,6,91.42,6Rlv1 + 2Clv2 ,200,-543,22,11/4/23,3Clv3 OK,,,YES,,,,,,,,,,,,
11,RAREMHTE-020,300,1.5,,,298.5,F,89.23,,200,98.5,,11/4/23,3Llv3 OK,,,YES,,,,,,,,,,,,
9,RARE-WL-1041,,4.5,,7,-4.5,F,91.02,,200,-204.5,,12/4/23,3Clv3 OK,,,YES,,,,,,,,,,,,
11,RAREMHTE-020,300,1.5,,,298.5,F,88.73,,200,98.5,,12/4/23,3Clv2 F,,NO,,,,,,,,,,,,,
7.6,RARE-WL-1041,,4.5,,9.33,-4.5,F,90.72,,200,-204.5,,13/4/23,3Clv2 F,,NO,,,,,,,,,,,,,
10.4,RAREMHTE-020,297,1.5,,,295.5,F,88.23,,50,245.5,,13/4/23,3Llv3 F,,,NO,,,,,,,,,,,,
8.6,RARE-WL-1041,,4.5,,10.21,-4.5,F,,,100,-104.5,,14/4/23,3Llv3 F,,,NO,,,,,,,,,,,,
10.4,RAREMHTE-020,300,1.5,,,298.5,F,,,50,248.5,,14/4/23,3Rlv3 F,,,NO,,,,,,,,,,,,
3.6,RARE-WL-1041,,4.5,,2.24,-4.5,F,90.41,,50,-54.5,,15/4/23,3Clv3 F,,,NO,,,,,,,,,,,,
11.2,RAREMHTE-020,297,1.5,,,295.5,F,87.17,,50,245.5,,15/4/23,3Clv3 F,,,NO,,,,,,,,,,,,
13.8,RARE-WL-1041,,16.5,260,15,-276.5,6,90.01,6Elv1 + 2Clv2,200,-476.5,22,16/4/23,3Clv3 OK,,,YES,,,,,,,,,,,,
15.6,RARE-WL-1041,,16.5,256,14.8,-272.5,6,89.46,6Llv1 + 2Rlv2,200,-472.5,5,16/4/23,3Elv3 F,,,NO,,,,,,,,,,,,
10,RAREMHTE-020,273,1.5,,,271.5,F,87.17,,200,71.5,,16/4/23,3Elv3 OK,,,YES,,,,,,,,,,,,
10.8,RAREMHTE-020,300,4.5,,,295.5,F,,,100,195.5,,17/4/23,3Elv3 OK,,,YES,,,,,,,,,,,,
11,RAREMHTE-020,300,1.5,,,298.5,F,86.11,,200,98.5,,18/4/23,3Elv3 OK,,,YES,,,,,,,,,,,,
9.4,UNC-WEG-168,192,28,,,164,F,53.81,,200,-36,,19/4/23,3Clv4 F,,,,NO,,,,,,,,,,,
14.4,RARE-WL-1041,,16,279,17.13,-295,6,,6Elv1 + 2Elv2,200,-495,9.4,19/4/23,3Elv2 OK,,YES,,,,,,,,,,,,,
11,RAREMHTE-020,105,1.5,,,103.5,F,85.85,,200,-96.5,,19/4/23,3Llv3 OK,,,YES,,,,,,,,,,,,
10.6,RAREMHTE-020,265,1.5,,,263.5,F,85.68,,200,63.5,,20/4/23,3Rlv3 OK,,,YES,,,,,,,,,,,,
24.4,RARE-WL-1041,,28.5,540,33.47,-568.5,7,88.47,10Rlv1 + 3Llv2,200,-768.5,11,21/4/23,3Rlv3 OK,,,YES,,,,,,,,,,,,
11,RAREMHTE-020,300,1.5,,,298.5,F,85.38,,100,198.5,,21/4/23,3Clv2 F,,NO,,,,,,,,,,,,,
11,RAREMHTE-020,300,1.5,,,298.5,F,85.08,,200,98.5,,22/4/23,3Rlv3 F,,,NO,,,,,,,,,,,,
10,RARE-WL-1041,,12,,12.17,-12,F,87.99,,100,-112,,23/4/23,3Clv1 F,NO,,,,,,,,,,,,,,
11,RAREMHTE-020,300,3,,,297,F,84.41,,100,197,,23/4/23,3Clv1 F,NO,,,,,,,,,,,,,,
2.6,UNC-WEG-168,50,3.33,,,46.67,F,53.55,,100,-53.33,,24/4/23,3Clv1 OK,YES,,,,,,,,,,,,,,
9,RAREMHTE-020,250,1.5,,,248.5,F,84.16,,200,48.5,,24/4/23,3Rlv3 OK,,,YES,,,,,,,,,,,,
5.4,RARE-WL-1041,,4.5,,4.34,-4.5,F,87.85,,50,-54.5,,25/4/23,3Rlv4 OK,,,,YES,,,,,,,,,,,
5.8,UNC-WEG-168,109,6.66,,,102.34,F,53.29,,50,52.34,,25/4/23,3Rlv2 OK,,YES,,,,,,,,,,,,,
8.4,RAREMHTE-020,210,1.5,,,208.5,F,83.95,,200,8.5,,25/4/23,3Rlv2 F,,NO,,,,,,,,,,,,,
11.6,RARE-WL-1041,,12,269,13.4,-281,6,87.55,6Rlv1 + 2Rlv2,50,-331,3,26/4/23,3Rlv3 OK,,,YES,,,,,,,,,,,,
12.6,RARE-WL-1041,,12,266,12.78,-278,6,87.25,6Elv1 + 2Llv2,50,-328,6,26/4/23,3Rlv3 OK,,,YES,,,,,,,,,,,,
4.6,RAREMHTE-020,136,1.5,,,134.5,F,83.74,,200,-65.5,,26/4/23,3Rlv3 OK,,,YES,,,,,,,,,,,,
11,RAREMHTE-020,300,1.5,,,298.5,F,83.34,,,298.5,,27/4/23,3Rlv2 F,,NO,,,,,,,,,,,,,
2.8,RARE-WL-1041,,3,,,-3,F,87.18,,,-3,,27/4/23,3Rlv2 F,,NO,,,,,,,,,,,,,
7.2,RAREMHTE-020,200,1.5,,,198.5,F,82.96,,,198.5,,28/4/23,3Rlv3 OK,,,YES,,,,,,,,,,,,
3.2,RARE-WL-1041,,4.5,,3,-4.5,F,87.11,,,-4.5,,28/4/23,3Rlv3 OK,,,YES,,,,,,,,,,,,
5,UNC-WEG-168,99,6.6,,,92.4,F,52.92,,,92.4,,28/4/23,3Rlv2 OK,,YES,,,,,,,,,,,,,
8,RAREMHTE-020,230,3,,,227,F,82.76,,,227,,29/4/23,3Rlv2 F,,NO,,,,,,,,,,,,,
13.6,RARE-WL-1041,,12,270,14.76,-282,6,86.62,6Llv1 + 1Rlv2,,-282,2,29/4/23,3Llv2 OK,,YES,,,,,,,,,,,,,
10.2,RAREMHTE-020,291,1.5,,,289.5,F,82.36,,,289.5,,30/4/23,3Llv2 OK,,YES,,,,,,,,,,,,,
9,RARE-WL-1041,,4.5,,8.5,-4.5,F,86.18,,100,-104.5,,1/5/23,3Llv2 OK,,YES,,,,,,,,,,,,,
11,RAREMHTE-020,300,1.5,,,298.5,F,81.91,,100,198.5,,1/5/23,3Rlv3 OK ,,,YES,,,,,,,,,,,,
11,RAREMHTE-020,300,1.5,,,298.5,F,81.49,,100,198.5,,2/5/23,3Rlv3 OK,,,YES,,,,,,,,,,,,
24,RARE-WL-1041,,28.5,530,21.5,-558.5,7,85.66,10Llv1 + 3Rlv2,200,-758.5,6,3/5/23,3Rlv3 F,,,NO,,,,,,,,,,,,
8,UNC-WEG-168,160,11.1,,,148.9,F,52.27,,100,48.9,,4/5/23,3Rlv3 F,,,NO,,,,,,,,,,,,
4.6,RAREMHTE-020,129,1.5,,,127.5,F,81.29,,50,77.5,,4/5/23,3Clv1 OK,YES,,,,,,,,,,,,,,
10.4,RAREMHTE-020,300,1.5,,,298.5,F,80.71,,50,248.5,,5/5/23,3Clv1 OK,YES,,,,,,,,,,,,,,
2.2,RARE-WL-1041,,3,,1.81,-3,F,85.36,,50,-53,,5/5/23,3Clv1 F,NO,,,,,,,,,,,,,,
12.6,RARE-WL-1041,,15,260,10.1,-275,6,85.06,6Elv1 + 2Rlv2,50,-325,3,6/5/23,3Clv2 F,,NO,,,,,,,,,,,,,
13.2,RARE-WL-1041,,15,263,14.45,-278,6,84.72,6Elv1 + 2Elv2,50,-328,7,7/5/23,3Clv2 OK,,YES,,,,,,,,,,,,,
16,UNC-WEG-168,300,12.3,,,287.7,F,51.35,,50,237.7,,7/5/23,3Clv2 F,,NO,,,,,,,,,,,,,
6,RARE-WL-1041,,4.5,,5.9,-4.5,F,84.52,,50,-54.5,,8/5/23,3Clv1 OK,YES,,,,,,,,,,,,,,
8.6,RAREMHTE-020,245,1.5,,,243.5,F,80.38,,50,193.5,,8/5/23,3Rlv3 OK,,,YES,,,,,,,,,,,,
2.6,UNC-WEG-168,54,3.3,,,50.7,F,51.14,,50,0.7,,8/5/23,3Elv2 OK,,YES,,,,,,,,,,,,,
12.4,RARE-WL-1041,,15,258,11,-273,6,84.25,6Elv1 + 2Rlv2,50,-323,3,9/5/23,3Elv2 F,,NO,,,,,,,,,,,,,
10,RAREMHTE-020,282,1.5,,,280.5,F,79.54,,50,230.5,,10/5/23,3Clv2 F,,NO,,,,,,,,,,,,,
8,UNC-WEG-168,150,11.1,,,138.9,F,50.68,,50,88.9,,11/5/23,3Rlv3 OK,,,YES,,,,,,,,,,,,
10,RARE-WL-1041,,13.5,,8.8,-13.5,F,83.95,,50,-63.5,,11/5/23,3Rlv2 OK,,YES,,,,,,,,,,,,,
5.2,RAREMHTE-020,153,1.5,,,151.5,F,79.34,,50,101.5,,11/5/23,3Rlv2 OK,,YES,,,,,,,,,,,,,
2,RARE-WL-1041,,3,,1.81,-3,F,83.88,,50,-53,,11/5/23,3Rlv3 OK,,,YES,,,,,,,,,,,,
10.8,RAREMHTE-020,300,1.5,,,298.5,F,78.92,,50,248.5,,12/5/23,3Rlv2 OK,,YES,,,,,,,,,,,,,
4,RARE-WL-1041,,3,,4,-3,F,83.81,,50,-53,,12/5/23,3Rlv2 OK,,YES,,,,,,,,,,,,,
10.8,RAREMHTE-020,300,1.5,,,298.5,F,,,50,248.5,,13/5/23,3Clv1 F,NO,,,,,,,,,,,,,,
7,RARE-WL-1041,,13.5,,7.2,-13.5,F,,,50,-63.5,,13/5/23,3Rlv3 OK,,,YES,,,,,,,,,,,,
10.8,RAREMHTE-020,300,1.5,,,298.5,F,78.12,,50,248.5,,14/5/23,3Rlv3 OK,,,YES,,,,,,,,,,,,
10,RARE-WL-1041,,13,,9.5,-13,F,83.31,,50,-63,,14/5/23,3Rlv3 F,,,NO,,,,,,,,,,,,
11.4,RARE-WL-1041,,13,530,9.91,-543,7,83.04,10Clv1 + 4Rlv2 ,50,-593,11,15/5/23,3Llv3 F,,,NO,,,,,,,,,,,,
4.6,WL-925,65,5.76,,,59.24,F,84.68,,50,9.24,,15/5/23,3Clv2 F,,NO,,,,,,,,,,,,,
12.2,RARE-WL-1041,,13,109,10.8,-122,5,82.74,3Clv1 + 1Clv2,50,-172,12,16/5/23,3Rlv3 OK,,,YES,,,,,,,,,,,,
11.4,RARE-WL-1041,,13,290,9.7,-303,6,82.44,6Elv1 + 2Rlv2 + SUNC,50,-353,7,16/5/23,3Rlv3 OK,,,YES,,,,,,,,,,,,
11,RAREMHTE-020,300,1.5,,,298.5,F,77.68,,50,248.5,,16/5/23,3Llv3 OK,,,YES,,,,,,,,,,,,
5,RAREMHTE-020,150,1.5,,,148.5,F,77.48,,50,98.5,,17/5/23,3Llv3 OK,,,YES,,,,,,,,,,,,
9,UNCO-WG-2524,150,6.64,,,143.36,F,99.68,,50,93.36,,17/5/23,3Llv3 F,,,NO,,,,,,,,,,,,
5.4,RARE-WL-1041,,13,,4.4,-13,F,82.44,,50,-63,,18/5/23,3Rlv3 F,,,NO,,,,,,,,,,,,
11,RAREMHTE-020,300,1.5,,,298.5,F,77.08,,50,248.5,,18/5/23,3Llv3 OK,,,YES,,,,,,,,,,,,
15,RARE-WL-1041,,13,255,12.2,-268,6,82.44,6Clv1 + 2Rlv2,50,-318,5,19/5/23,3Rlv3 OK,,,YES,,,,,,,,,,,,
7.2,RAREMHTE-020,190,1.5,,,188.5,F,76.78,,50,138.5,,19/5/23,3Rlv3 OK,,,YES,,,,,,,,,,,,
10.2,RAREMHTE-020,300,1.5,,,298.5,F,76.01,,50,248.5,,20/5/23,3Clv1 F,NO,,,,,,,,,,,,,,
3,RARE-WL-1041,,3,,2,-3,F,81.81,,50,-53,,20/5/23,3Clv2 OK,,YES,,,,,,,,,,,,,
3.8,UNCO-WG-2524,59,4,,,55,F,99.63,,50,5,,21/5/23,3Clv1 F,NO,,,,,,,,,,,,,,
12.8,UNC-WEG-168,240,12.3,,,227.7,F,49.94,,50,177.7,,21/5/23,3Clv1 OK,YES,,,,,,,,,,,,,,
5.2,UNCO-WG-2524,79,4,,,75,F,99.58,,50,25,,22/5/23,3Clv1 OK,YES,,,,,,,,,,,,,,
7.6,RAREMHTE-020,230,1.5,,,228.5,F,75.53,,200,28.5,,22/5/23,3Rlv3 F,,,NO,,,,,,,,,,,,
6.2,RARE-WL-1041,,7.5,,3.72,-7.5,F,81.47,,50,-57.5,,22/5/23,3Rlv3 F,,,NO,,,,,,,,,,,,
11,RAREMHTE-020,300,1.5,,,298.5,F,74.88,,50,248.5,,23/5/23,3Rlv3 F,,,NO,,,,,,,,,,,,
10.2,RARE-WL-1041,,13,,6.4,-13,F,81.17,,100,-113,,23/5/23,3Rlv3 F,,,NO,,,,,,,,,,,,
18,WL-925,270,28,105,,137,5,83.55,3Clv1 + 1Clv2,100,37,9,24/5/23,2Elv2 F,,NO,,,,,,,,,,,,,
15.4,UNC-WEG-168,295,19,,,276,F,49.04,,50,226,,25/5/23,3Rlv3 F,,,NO,,,,,,,,,,,,
18.6,UNC-WL-432,50,2,258,,-210,6,25.62,6Elv1 + 2Elv2 + SUNC,50,-260,11,26/5/23,3Rlv3 OK,,,YES,,,,,,,,,,,,
6.8,C-T-946,125,9,,,116,F,99.37,,50,66,,26/5/23,3Rlv3 OK,,,YES,,,,,,,,,,,,
6.2,UNC-WEG-168,115,8,,,107,F,48.68,,50,57,,26/5/23,3Rlv3 OK,,,YES,,,,,,,,,,,,
13.2,C-T-946,242,19.92,106,,116.08,4,98.17,2Clv1 ,50,66.08,1.5,27/5/23,3Rlv3 OK,,,YES,,,,,,,,,,,,
17.8,C-T-946,300,24,107,,169,5,96.47,3Llv1 + 1Llv2,200,-31,3.3,28/5/23,3Rlv3 OK,,,YES,,,,,,,,,,,,
16.2,C-T-946,300,24,101,,175,5,94.87,3Llv1 + 1Llv2,100,75,3.3,29/5/23,3Rlv2 F,,NO,,,,,,,,,,,,,
10,UNCO-WG-2524,164,13,,,151,F,99.47,,200,-49,,30/5/23,3Rlv3 F,,,NO,,,,,,,,,,,,
9.8,C-T-946,160,24,79,,57,4,94.17,2Rlv1 ,200,-143,0.5,31/5/23,3Elv2 F,,NO,,,,,,,,,,,,,
4.8,C-T-946,85,12,,,73,F,93.62,,,73,,31/5/23,3Elv2 F,,NO,,,,,,,,,,,,,
5,C-T-946,94,12,,,82,F,93.12,,200,-118,,1/6/23,3Elv2 OK,,YES,,,,,,,,,,,,,
11,C-T-946,200,16,,,184,F,,,200,-16,,1/6/23,3Elv3 F,,,NO,,,,,,,,,,,,
16,C-T-946,300,42,,,258,F,,,200,58,,2/6/23,3Clv1 OK,YES,,,,,,,,,,,,,,
13.8,C-T-946,249,32,,,217,F,,,50,167,,3/6/23,3Clv1 OK,YES,,,,,,,,,,,,,,
16.6,C-T-946,300,15,79,,206,4,88.26,2Rlv1 ,50,156,0.5,4/6/23,3Rlv3 OK,,,YES,,,,,,,,,,,,
3.2,RARE-WL-1041,,3,,2.5,-3,F,,,50,-53,,4/6/23,3Clv1 F,NO,,,,,,,,,,,,,,
3,RARE-WL-1041,,3,,2.9,-3,F,80.71,,200,-203,,5/6/23,3Clv1 OK,YES,,,,,,,,,,,,,,
16.2,C-T-946,300,22.4,177,,100.6,5,86.11,3Elv1 + 1Elv2,200,-99.4,3.3,5/6/23,3Rlv3 OK,,,YES,,,,,,,,,,,,
16.4,C-T-946,300,22.4,90,,187.6,4,84.95,2Elv1 + 1Rlv2,200,-12.4,1,6/6/23,3Rlv2 OK,,YES,,,,,,,,,,,,,
9,RARE-WL-1041,,13,87,5.6,-100,4,80.31,2Llv1,100,-200,0.4,6/6/23,3Rlv2 F,,NO,,,,,,,,,,,,,
16.4,C-T-946,300,22.4,201,,76.6,5,83.75,3Elv1 + 1Elv2,50,26.6,4,7/6/23,3Rlv2 OK,,YES,,,,,,,,,,,,,
16.6,C-T-946,300,22.4,112,,165.6,5,81.25,3Elv1 + 1Elv2,50,115.6,4,8/6/23,3Rlv3 OK,,,YES,,,,,,,,,,,,
16.4,C-T-946,300,22.4,103,,174.6,5,79.85,3Rlv1 + 1Rlv2,50,124.6,,9/6/23,3Rlv2 OK,,YES,,,,,,,,,,,,,
2,RARE-WL-1041,,3,,1.2,-3,F,80.27,,50,-53,,9/6/23,3Clv1 F,NO,,,,,,,,,,,,,,
16.2,C-T-946,300,22.4,,,277.6,F,78.25,,50,227.6,,10/6/23,3Llv1 F,NO,,,,,,,,,,,,,,
16.4,C-T-946,300,22.4,100,,177.6,5,76.65,3Elv1 + 1Llv2,50,127.6,3,11/6/23,3Llv1 F,NO,,,,,,,,,,,,,,
5,RARE-WL-1041,,3,,3.35,-3,F,80.21,,100,-103,,11/6/23,3Llv1 F,NO,,,,,,,,,,,,,,
6.4,C-T-946,113,8.3,,,104.7,F,76.08,,200,-95.3,,12/6/23,3Llv1 F,NO,,,,,,,,,,,,,,
6.6,RAREMHTE-020,185,1.5,,,183.5,F,74.48,,200,-16.5,,12/6/23,3Llv1 F,NO,,,,,,,,,,,,,,
8.4,RARE-WL-1041,,13,100,5,-113,4,79.96,2Rlv1,100,-213,0.4,12/6/23,3Llv1 F,NO,,,,,,,,,,,,,,
10.6,RAREMHTE-020,300,1.5,,,298.5,F,73.84,,50,248.5,,13/6/23,3Llv1 F,NO,,,,,,,,,,,,,,
12.6,RARE-WL-1041,,15,105,7.62,-120,4,79.51,2Elv1 + SUNC,50,-170,4,14/6/23,3Llv1 F,NO,,,,,,,,,,,,,,
5.4,RAREMHTE-020,155,1.5,,,153.5,F,73.38,,50,103.5,,14/6/23,3Llv1 F,NO,,,,,,,,,,,,,,
5,UNCO-WG-2524,76,5,,,71,F,98.77,,50,21,,14/6/23,3Llv1 F,NO,,,,,,,,,,,,,,
10.4,RAREMHTE-020,298,1.5,,,296.5,F,72.87,,50,246.5,,15/6/23,3Llv1 F,NO,,,,,,,,,,,,,,
5,RARE-WL-1041,,3,23,3,-26,3,79.38,2Rlv1,50,-76,0.4,15/6/23,3Elv1 F,NO,,,,,,,,,,,,,,
7,RARE-WL-1041,,3,27,5,-30,3,79.16,1Elv1,200,-230,0.2,16/6/23,3Elv1 F,NO,,,,,,,,,,,,,,
8,C-T-946,150,12,100,,38,5,75.34,3Elv1 + 1Elv2,200,-162,3.5,16/6/23,3Elv1 F,NO,,,,,,,,,,,,,,
4.4,RAREMHTE-020,127,1.5,,,125.5,F,72.61,,200,-74.5,,16/6/23,3Elv1 F,NO,,,,,,,,,,,,,,
15.6,C-T-946,291,21,130,,140,5,73.81,3Rlv1 + 1Rlv2,200,-60,1,17/6/23,3Elv1 F,NO,,,,,,,,,,,,,,
5,UNC-WL-432,9,1,80,,-72,4,25.22,2Llv1,50,-122,0.4,18/6/23,3Elv1 F,NO,,,,,,,,,,,,,,
15,C-T-946,280,,100,,180,5,73.01,3Rlv1 + 1Elv2,50,130,2,19/6/23,3Elv1 OK,YES,,,,,,,,,,,,,,
14.8,C-T-946,273,21,,,252,F,72.28,,50,202,,19/6/23,3Elv1 OK,YES,,,,,,,,,,,,,,
10.6,RARE-WL-1041,,15,100,7.3,-115,5,78.79,3Clv1 + 1Clv2,100,-215,12,19/6/23,3Elv1 OK,YES,,,,,,,,,,,,,,
20,RARE-WL-1041,,22,266,15,-288,6,78.19,6Clv1 + 2Elv2,50,-338,11,20/6/23,3Elv1 OK,YES,,,,,,,,,,,,,,
9,RAREMHTE-020,256,1.5,,,254.5,F,72.01,,50,204.5,,20/6/23,3Elv1 OK,YES,,,,,,,,,,,,,,
15.2,UNCJG-ER-269,300,3,,,297,F,99.36,,50,247,,21/6/23,3Elv1 OK,YES,,,,,,,,,,,,,,
15.6,UNCJG-ER-269,299,1,,,298,F,98.61,,50,248,,22/6/23,3Llv1 F,NO,,,,,,,,,,,,,,
15.8,C-T-946,297,21,106,,170,5,70.28,3Llv1 + 1Rlv2,50,120,1,23/6/23,3Llv1 F,NO,,,,,,,,,,,,,,
9.4,C-T-946,167,12,,,155,F,,,50,105,,24/6/23,3Llv1 F,NO,,,,,,,,,,,,,,
4.8,RAREMHTE-020,132,1.5,,,130.5,F,,,50,80.5,,24/6/23,3Llv1 F,NO,,,,,,,,,,,,,,
2.6,TEO -638,37,6,,,31,F,,,100,-69,,25/6/23,3Llv1 F,NO,,,,,,,,,,,,,,
13.4,C-T-946,255,21,145,,89,5,,3Clv1 + 1Elv2,200,-111,5.2,25/6/23,3Clv1 OK,YES,,,,,,,,,,,,,,
5.8,RARE-WL-1041,,,110,,-110,4,,2Rlv1 + 1Clv2 + SUNC,200,-310,4,25/6/23,3Llv1 OK,YES,,,,,,,,,,,,,,
10.2,RARE-WL-1041,,15,110,6.83,-125,4,77.59,2Llv1 + 1Rlv2,100,-225,1,26/6/23,3Llv1 F,NO,,,,,,,,,,,,,,
15.4,TEO -638,283,26,,,257,F,97.77,,100,157,,26/6/23,3Llv1 F,NO,,,,,,,,,,,,,,
14,C-T-946,250,21,184,,45,5,67.43,3Rlv1 + 1Llv2,200,-155,2,27/6/23,3Clv1 OK,YES,,,,,,,,,,,,,,
14.8,UNCJG-ER-269,280,1,,,279,F,97.96,,200,79,,28/6/23,3Clv1 F,NO,,,,,,,,,,,,,,
16.4,TEO -638,276,26,,,250,F,95.72,,50,200,,29/6/23,3Elv1 F,NO,,,,,,,,,,,,,,
15.4,C-T-946,300,21,140,,139,5,65.93,3Rlv1 + 1Rlv2,50,89,1,30/6/23,3Elv1 F,NO,,,,,,,,,,,,,,
15,C-T-946,285,21,124,,140,5,64.43,3Elv1 + 1Rlv2,100,40,,1/7/23,3Rlv3 OK,,,YES,,,,,,,,,,,,
15.6,C-T-946,300,21,128,,151,5,62.93,3Rlv1 + 1Rlv2,100,51,,2/7/23,3Clv1 F,NO,,,,,,,,,,,,,,
8.4,RARE-WL-1041,,10.5,110,4.94,-120.5,4,76.75,2Rlv1 + 1Elv2,100,-220.5,2,2/7/23,3Clv1 F,NO,,,,,,,,,,,,,,
16.2,C-T-946,300,24,111,,165,4,61.43,2Elv1 ,100,65,0.4,3/7/23,3Clv1 F,NO,,,,,,,,,,,,,,
16,C-T-946,300,24,145,,148,5,59.93,3Llv1 + 1Rlv2,50,98,1,4/7/23,3Rlv2 OK,,YES,,,,,,,,,,,,,
7.4,RARE-WL-1041,,15,,4.9,-15,F,76.45,,50,-65,,5/7/23,3Rlv2 F,,NO,,,,,,,,,,,,,
10.2,RAREMHTE-020,300,1.5,,,298.5,F,70.51,,100,198.5,,6/7/23,3Elv1 F,NO,,,,,,,,,,,,,,
18,TEO -638,300,26,,,274,F,93.42,,200,74,,7/7/23,3Clv1 OK,YES,,,,,,,,,,,,,,
16,C-T-946,300,24,168,,108,5,58.28,3Llv1 + 1Rlv2,100,8,1,8/7/23,3Clv1 F,NO,,,,,,,,,,,,,,
7.6,RARE-WL-1041,,10.5,,5.3,-10.5,F,76.17,,50,-60.5,,8/7/23,3Clv1 F,NO,,,,,,,,,,,,,,
16.6,C-T-946,300,24,105,,171,5,56.78,3Rlv1 + 1Rlv2,50,121,1,8/7/23,3Rlv3 OK,,,YES,,,,,,,,,,,,
15,RARE-WL-1041,,13,259,11.75,-272,6,75.67,3Rlv1 + 2Rlv2,50,-322,2,9/7/23,3Clv1 F,NO,,,,,,,,,,,,,,
7.8,TEO -638,155,10,,,145,F,92.52,,50,-322,,9/7/23,3Rlv3 OK,,,YES,,,,,,,,,,,,
16,TEO -638,300,20,,,280,F,90.52,,50,230,,10/7/23,3Rlv3 OK,,,YES,,,,,,,,,,,,
14.6,C-T-946,300,24,89,,187,4,55.48,2Elv1 ,200,-13,0.4,11/7/23,3Rlv2 F,,NO,,,,,,,,,,,,,
14,TEO -638,252,20,,,232,F,89.52,,200,32,,12/7/23,3Rlv3 OK,,,YES,,,,,,,,,,,,
16,TEO -638,300,20,,,280,F,87.42,,100,180,,13/7/23,3Rlv3 OK,,,YES,,,,,,,,,,,,
9.6,C-T-946,191,15,110,,66,4,54.53,2Clv1 ,100,-34,2.1,14/7/23,3Rlv3 OK,,,YES,,,,,,,,,,,,
14.2,RARE-WL-1041,,18,126,9.61,-144,5,75.22,3Elv1 + 1Elv2,100,-244,2.4,14/7/23,3Llv1 F,NO,,,,,,,,,,,,,,
5.8,TEO -638,110,10,,,100,F,86.36,,100,0,,14/7/23,3Llv1 F,NO,,,,,,,,,,,,,,
15.4,C-T-946,300,24,105,,171,5,53.09,3Rlv1 + 1Llv2,200,-29,2.5,15/7/23,3Clv1 OK,YES,,,,,,,,,,,,,,
15.2,C-T-946,300,24,108,,168,5,51.59,3Rlv1 + 1Clv2,100,68,9.3,16/7/23,3Rlv3 F,,,NO,,,,,,,,,,,,
5,RARE-WL-1041,,3,,3,-3,F,75.12,,100,-103,,17/7/23,3Rlv3 OK,,,YES,,,,,,,,,,,,
16.2,TEO -638,300,20,,,280,F,84.36,,100,180,,17/7/23,3Rlv3 F,,,NO,,,,,,,,,,,,
5.4,RARE-WL-1041,,3,,3,-3,F,75.02,,200,-203,,18/7/23,3Rlv2 OK,,YES,,,,,,,,,,,,,
17,TEO -638,300,24,,,276,F,82.26,,200,76,,18/7/23,3Elv1 F,NO,,,,,,,,,,,,,,
16.4,C-T-946,300,24,100,,176,4,50.01,2Rlv1 ,100,76,0.5,19/7/23,3Elv1 F,NO,,,,,,,,,,,,,,
10.2,RARE-WL-1041,,,108,6.7,-108,4,75.02,2Llv1 ,50,-158,0.5,20/7/23,3Elv1 OK,YES,,,,,,,,,,,,,,
15,C-T-946,300,24,108,,168,5,48.61,3Elv1 + 1Rlv2,50,118,,20/7/23,3Elv1 OK,YES,,,,,,,,,,,,,,
14.4,C-T-946,300,24,110,,166,4,47.27,2Rlv1 ,50,116,0.5,21/7/23,3Elv1 F,NO,,,,,,,,,,,,,,
11.6,RARE-WL-1041,,16,121,8.7,-137,4,73.92,2Elv1 ,100,-237,0.5,22/7/23,3Elv1 F,NO,,,,,,,,,,,,,,
2,RARE-WL-1041,,3,28,,-31,3,73.82,2Clv1,100,-131,2,22/7/23,3Elv2 OK,,YES,,,,,,,,,,,,,
7.2,RARE-WL-1041,,10,110,5.26,-120,4,73.62,2Elv1 ,100,-220,0.5,22/7/23,3Rlv3 F,,,NO,,,,,,,,,,,,
8,C-T-946,173,10,95,,68,4,46.77,2Elv1 ,100,-32,0.5,23/7/23,3Llv3 OK,,,YES,,,,,,,,,,,,
7.2,C-T-946,127,10,95,,22,4,45.97,2Clv1,50,-28,2,23/7/23,3Rlv2 OK,,YES,,,,,,,,,,,,,
5,TEO -638,100,10,,,90,F,81.96,,50,40,,24/7/23,3Rlv3 OK,,,YES,,,,,,,,,,,,
10,C-T-946,200,24,,,176,F,45.21,,50,126,,24/7/23,3Elv1 F,NO,,,,,,,,,,,,,,
8.4,RARE-WL-1041,,10,148,6.1,-158,5,73.12,3Llv1 + 1Clv2,100,-258,9,25/7/23,3Elv1 OK,YES,,,,,,,,,,,,,,
7.6,C-T-946,160,10,28,,122,3,44.41,2Clv1,100,22,2,25/7/23,3Elv1 OK,YES,,,,,,,,,,,,,,
7.4,C-T-946,155,10,28,,117,3,43.61,2Rlv1,50,67,,25/7/23,3Elv1 OK,YES,,,,,,,,,,,,,,
11,C-T-946,240,15,95,,130,4,42.59,2Elv1 ,50,80,0.5,26/7/23,3Elv1 OK,YES,,,,,,,,,,,,,,
10.2,RARE-WL-1041,,12,100,7.65,-112,5,73.12,3Clv1 + 1Clv2,50,-162,12,26/7/23,3Elv1 OK,YES,,,,,,,,,,,,,,
2.8,TEO -638,60,3,,,57,F,81.56,,100,-43,,26/7/23,3Rlv3 F,,,NO,,,,,,,,,,,,
2.6,RAREMHTE-020,68,1.5,,,66.5,F,70.21,,50,16.5,,27/7/23,3Rlv3 F,,,NO,,,,,,,,,,,,
5.4,RARE-WL-1041,,3,115,4.18,-118,4,72.82,2Clv1,50,-168,2,27/7/23,3Elv3 F,,,NO,,,,,,,,,,,,
9,RARE-WL-1041,,10,121,8,-131,5,72.26,3Llv1 + 1Llv2,50,-181,2,27/7/23,3Rlv3 OK,,,YES,,,,,,,,,,,,
3.6,RAREMHTE-020,104,1.5,,,102.5,,70.04,,50,52.5,,28/7/23,3Llv1 OK,YES,,,,,,,,,,,,,,
2.2,TEO -638,43,10,,,33,F,79.96,,100,-67,,28/7/23,3Llv1 F,NO,,,,,,,,,,,,,,
10.2,RARE-WL-1041,,12,106,7.5,-118,5,71.93,3Clv1 + 1Llv2,50,-168,3,28/7/23,3Clv1 F,NO,,,,,,,,,,,,,,
13.2,TEO -638,245,15,,,230,F,78.56,,100,130,,29/7/23,3Llv2 OK,,YES,,,,,,,,,,,,,
15,TEO -638,300,24,,,276,F,76.76,,100,176,,30/7/23,3Elv1 OK,YES,,,,,,,,,,,,,,
4.4,RARE-WL-1041,,3,,3.34,-3,F,71.79,,100,-103,,30/7/23,3Elv1 F,NO,,,,,,,,,,,,,,
15.6,C-T-946,300,24,128,,148,5,41.01,3Elv1 + 1Rlv2,50,98,1,31/7/23,3Elv1 F,NO,,,,,,,,,,,,,,
15.4,TEO -638,300,24,,,276,F,75.56,,100,176,,1/8/23,3Elv1 F,NO,,,,,,,,,,,,,,
15.4,TEO -638,300,24,,,276,F,73.86,,100,176,,2/8/23,3Elv1 F,NO,,,,,,,,,,,,,,
14.8,C-T-946,300,24,,,276,4,39.55,2Rlv1 ,100,176,0.3,3/8/23,3Elv1 F,NO,,,,,,,,,,,,,,
11.6,RARE-WL-1041,,13.5,27,7.67,-40.5,3,71.35,1Clv1 ,50,-90.5,1,4/8/23,3Elv1 F,NO,,,,,,,,,,,,,,
5.2,C-T-946,100,10,,,90,3,72.16,1Rlv1 ,50,40,0.2,4/8/23,3Rlv2 OK,,YES,,,,,,,,,,,,,
10,TEO -638,200,24,,,176,F,71.46,,50,126,,4/8/23,3Rlv3 F,,,NO,,,,,,,,,,,,
9,TEO -638,160,24,,,136,F,70.66,,100,36,,5/8/23,3Rlv3 F,,,NO,,,,,,,,,,,,
10.2,RAREMHTE-020,258,1.5,,,256.5,F,68.84,,100,156.5,,6/8/23,3Rlv2 OK,,YES,,,,,,,,,,,,,
2,TEO -638,45,3,,,42,F,70.46,,100,-58,,6/8/23,3Elv2 F,,NO,,,,,,,,,,,,,
2.4,RARE-WL-1041,,3,,2.1,-3,F,71.35,,200,-203,,6/8/23,3Rlv3 OK,,,YES,,,,,,,,,,,,
15.4,TEO -638,300,24,,,276,F,69.46,,200,76,,7/8/23,3Rlv3 F,,,NO,,,,,,,,,,,,
21.8,TEO -638,300,28,,,272,F,66.96,,50,222,,8/8/23,3Clv1 OK,YES,,,,,,,,,,,,,,
10,C-T-946,150,15,14.5,,120.5,3,38.55,2Elv1,50,70.5,0.3,11/8/23,3Clv1 F,NO,,,,,,,,,,,,,,
10.6,TEO -638,153,15,,,138,F,65.46,,50,88,,11/8/23,3Elv2 OK,,YES,,,,,,,,,,,,,
18,C-T-946,280,24,102,,154,5,36.15,3Llv1 + 1Llv2,50,104,2,12/8/23,3Llv2 F,,NO,,,,,,,,,,,,,
12.2,C-T-946,180,12,10,,158,3,35.15,1Llv1,50,108,0.1,12/8/23,3Elv2 F,,NO,,,,,,,,,,,,,
20.2,C-T-946,289,27,106,,156,5,33.15,3Elv1 + 1Rlv2,50,106,0.8,13/8/23,3Rlv2 OK,,YES,,,,,,,,,,,,,
1,TEO -638,12.71,1.8,,,10.91,F,65.46,,50,-39.09,,13/8/23,3Clv1 F,NO,,,,,,,,,,,,,,
2.6,RARE-WL-1041,,3,,2,-3,F,71.15,,50,-53,,13/8/23,3Clv1 F,NO,,,,,,,,,,,,,,
18.4,C-T-946,270,24,45,,201,4,31.28,2Clv1,50,151,1.3,14/8/23,3Elv2 OK,,YES,,,,,,,,,,,,,
11.2,TEO -638,154,20,,,134,F,63.96,,50,84,,15/8/23,3Clv1 OK,YES,,,,,,,,,,,,,,
8.8,RARE-WL-1041,,11,35,7,-46,4,70.88,2Rlv1 + 1Clv2,50,-96,7.5,16/8/23,3Llv2 F,,NO,,,,,,,,,,,,,
11.2,TEO -638,154,20,,,134,F,61.42,,50,84,,17/8/23,3Elv3 F,,,NO,,,,,,,,,,,,
18.8,TEO -638,268,26,,,242,F,59.32,,50,192,,18/8/23,3Elv2 F,,NO,,,,,,,,,,,,,
10,TEO -638,153,20,,,133,F,58.12,,50,83,,19/8/23,3Clv1 F,NO,,,,,,,,,,,,,,
13.6,C-T-946,196,18,65,,113,4,30.18,2Rlv1,50,63,0.3,20/8/23,3Clv1 F,NO,,,,,,,,,,,,,,
6,TEO -638,75,5,,,70,F,57.02,,50,20,,20/8/23,3Elv1 F,NO,,,,,,,,,,,,,,
14,C-T-946,204,19,60,,125,4,28.88,2Llv1,50,75,0.3,21/8/23,3Llv1 F,NO,,,,,,,,,,,,,,
14.2,C-T-946,204,19,90,,95,4,27.48,2Elv1,100,-5,0.3,22/8/23,3Rlv1 F,NO,,,,,,,,,,,,,,
4.2,TEO -638,55,5,,,50,F,56.72,,100,-50,,22/8/23,3Rlv3 OK,,,YES,,,,,,,,,,,,
1.6,TEO -638,23,2,,,21,F,56.32,,50,-29,,22/8/23,3Rlv3 F,,,NO,,,,,,,,,,,,
3.6,TEO -638,47,3,,,44,F,56.18,,50,-6,,23/8/23,3Llv2 F,,NO,,,,,,,,,,,,,
15.6,C-T-946,230,21,138,,71,5,26.08,3Clv1 + 1Clv2,100,-29,9,23/8/23,3Llv2 OK,,YES,,,,,,,,,,,,,
3,TEO -638,41,3,,,38,F,56.02,,50,-12,,24/8/23,3Rlv2 OK,,YES,,,,,,,,,,,,,
15.9,C-T-946,238,21,66,,151,4,24.58,2Clv1,50,101,0.7,24/8/23,3Rlv2 OK,,YES,,,,,,,,,,,,,
4.6,C-T-946,64,3,27,,34,3,24.08,2Rlv1,50,-16,0.3,25/8/23,3Rlv3 F,,,NO,,,,,,,,,,,,
9,C-T-946,130,15,22,,93,3,23.28,1Clv1,50,43,0.7,25/8/23,3Elv2 OK,,YES,,,,,,,,,,,,,
1.6,C-T-946,24,3,,,21,F,23.08,,100,-79,,25/8/23,3Elv2 F,,NO,,,,,,,,,,,,,
12.4,C-T-946,168,21,68,,79,4,21.98,2Elv1,100,-21,0.3,26/8/23,3Elv3 F,,,NO,,,,,,,,,,,,
18,C-T-946,258,24,105,,158,5,20.48,3Rlv1 + 1Elv2,50,108,1.2,27/8/23,3Llv3 F,,,NO,,,,,,,,,,,,
18,C-T-946,265,24,105,,136,5,18.48,3Llv1 + 1Rlv2,50,86,0.7,28/8/23,3Llv2 F,,NO,,,,,,,,,,,,,
3,TEO -638,40,3,,,37,F,55.02,,50,-13,,28/8/23,3Llv2 OK,,YES,,,,,,,,,,,,,
14.2,TEO -638,195,21,,,174,F,53.02,,100,74,,29/8/23,3Elv3 OK,,,YES,,,,,,,,,,,,
15,RAREMHTE-020,300,1.5,76,,222.5,4,68.55,2Rlv1,50,172.5,0.2,30/8/23,3Llv3 OK,,,YES,,,,,,,,,,,,
8.8,RARE-WL-1041,,11,86,6.33,-97,4,70.22,2Llv1,100,-197,0.2,30/8/23,3Llv2 F,,NO,,,,,,,,,,,,,
6,RAREMHTE-020,105,1.5,,,103.5,F,67.95,,50,53.5,,31/8/23,3Elv1 OK,YES,,,,,,,,,,,,,,
9.6,RAREMHTE-020,195,1.5,27,,166.5,3,67.65,2Elv1,100,66.5,0.2,31/8/23,3Elv1 F,NO,,,,,,,,,,,,,,
17.8,RARE-WL-1041,,21,86,12.34,-107,4,70.22,2Clv1 + SUNC,100,-207,4,1/9/23,3Llv1 F,NO,,,,,,,,,,,,,,
14.2,RAREMHTE-020,292,1.5,78,,212.5,4,66.49,2Rlv1,200,12.5,0.2,2/9/23,3Elv2 OK,,YES,,,,,,,,,,,,,
17.8,UNCO-WG-2524,262,16,,,246,F,97.97,,100,146,,3/9/23,3Rlv2 OK,,YES,,,,,,,,,,,,,
14.4,UNCJG-ER-269,235,1,68,,166,4,97.28,2Clv1 + 1Clv2,100,66,8,4/9/23,3Llv2 F,,NO,,,,,,,,,,,,,
6.2,OG-T-45727,65,4,85,,-24,4,99.69,2Llv1,100,-124,0.2,4/9/23,3Llv2 OK,,YES,,,,,,,,,,,,,
8.6,WL-925,83,10.8,79,,-6.8,4,82.98,2Elv1 + 1Llv2,50,-56.8,1.5,5/9/23,3Elv1 F,NO,,,,,,,,,,,,,,
9.8,RARE-WL-1041,,11,110,6.58,-121,5,69.72,3Llv1 + 1Rlv2,50,-171,0.6,5/9/23,3Elv1 F,NO,,,,,,,,,,,,,,
5,UNCO-WG-2524,75,4.8,,,70.2,F,97.72,,100,-29.8,,5/9/23,3Clv1 OK,YES,,,,,,,,,,,,,,
5,UNCO-WG-2524,77,4.8,,,72.2,F,97.52,,100,-27.8,,5/9/23,3Llv2 F,,NO,,,,,,,,,,,,,
10,UNCJG-ER-269,160,1,,,159,F,96.82,,100,59,,6/9/23,3Llv2 F,,NO,,,,,,,,,,,,,
12.4,UNCO-WG-2524,184,12,,,172,F,97.01,,50,122,,7/9/23,3Elv1 F,NO,,,,,,,,,,,,,,
6.6,OG-T-45727,115,5,86,,24,4,99.35,2Clv1 ,100,-76,1.1,7/9/23,3Clv1 OK,YES,,,,,,,,,,,,,,
13,OG-T-45727,241,10,91,,140,4,98.72,2Rlv1 + 1Elv2,50,90,,8/9/23,3Llv1 F,NO,,,,,,,,,,,,,,
6,WL-925,57,8,81,,-32,4,82.62,2Llv1 ,50,-82,,8/9/23,3Llv2 F,,NO,,,,,,,,,,,,,
8.2,UNCJG-ER-269,128,1,,,127,F,96.42,,100,27,,9/9/23,3Llv1 F,NO,,,,,,,,,,,,,,
9.4,UNCJG-ER-269,116,1,,,115,F,95.98,,50,65,,9/9/23,3Llv1 F,NO,,,,,,,,,,,,,,
5.6,RARE-WL-1041,,6,100,3.85,-106,4,69.52,2Rlv1 ,50,-156,0.2,10/9/23,3Clv1 F,NO,,,,,,,,,,,,,,
14.8,UNCO-WG-2524,220,14,81,,125,4,96.32,2Llv1 + 1Llv2,100,25,1.4,10/9/23,3Llv1 OK,YES,,,,,,,,,,,,,,
5.6,RARE-WL-1041,,6,,3.82,-6,4,69.32,,50,-56,,11/9/23,3Llv2 F,,NO,,,,,,,,,,,,,
13.4,UNCO-WG-2524,200,14,26,,160,3,95.69,1Rlv1 + SUNC,50,110,2.7,11/9/23,3Elv1 F,NO,,,,,,,,,,,,,,
6.4,WL-925,59,8,81,,-30,4,82.22,2Clv1,200,-230,1.1,11/9/23,3Llv2 F,,NO,,,,,,,,,,,,,
7,UNCJG-ER-269,115,1,,,114,F,95.63,,100,14,,12/9/23,3Rlv2 F,,NO,,,,,,,,,,,,,
4.6,UNCJG-ER-269,80,1,,,79,F,95.43,,50,29,,12/9/23,3Llv2 OK,,YES,,,,,,,,,,,,,
6,UNCJG-ER-269,105,1,27,,77,3,95.13,1Rlv1 ,100,-23,0.1,12/9/23,3Clv1 F,NO,,,,,,,,,,,,,,
6.2,WL-925,58,8,80,,-30,4,81.86,2Elv1 ,200,-230,0.2,13/9/23,3Rlv2 OK,,YES,,,,,,,,,,,,,
8.4,WL-925,78,10,78,,-10,4,81.36,2Clv1 ,100,-110,1.1,13/9/23,3Rlv2 F,,NO,,,,,,,,,,,,,
1.8,UNCJG-ER-269,30,1,,,29,F,95.07,,100,-71,,14/9/23,3Elv2 F,,NO,,,,,,,,,,,,,
6.2,WL-925,58,8,27,,23,3,81.01,2Llv1,50,-27,0.2,14/9/23,3Rlv1 F,NO,,,,,,,,,,,,,,
6.2,RARE-WL-1041,,7.5,27,4.54,-34.5,3,69.13,1Elv1,100,-134.5,0.1,14/9/23,3Rlv1 OK,YES,,,,,,,,,,,,,,
5,RARE-WL-1041,,3,81,3.23,-84,4,68.95,2Clv1 ,100,-184,1.1,14/9/23,3Elv1 F,NO,,,,,,,,,,,,,,
9.6,WL-925,85,13,125,,-53,5,80.41,3Clv1 + 1Clv2,100,-153,7,15/9/23,3Rlv2 OK,,YES,,,,,,,,,,,,,
4.8,UNCJG-ER-269,75,1,,,74,F,94.85,,200,-126,,15/9/23,3Rlv2 OK,,YES,,,,,,,,,,,,,
4.8,UNCJG-ER-269,84,1,,,83,F,94.63,,200,-117,,15/9/23,3Rlv2 OK,,YES,,,,,,,,,,,,,
6.2,WL-925,58,8,81,,-31,4,80.01,2Elv1 ,,-31,0.3,15/9/23,3Rlv3 OK,,,YES,,,,,,,,,,,,
8,WL-925,74,10,78,,-14,4,79.57,2Clv1 ,,-14,1.2,16/9/23,3Rlv3 OK,,,YES,,,,,,,,,,,,
4.8,UNCJG-ER-269,82,1,,,81,F,94.41,,,81,,16/9/23,3Llv1 F,NO,,,,,,,,,,,,,,
3.6,UNCO-WG-2524,54,3,,,51,F,95.53,,,51,,17/9/23,3Llv1 OK,YES,,,,,,,,,,,,,,
15.4,WL-925,140,20,83,,37,4,78.71,2Rlv1 + SCOM,,37,12.7,17/9/23,3Elv1 OK,YES,,,,,,,,,,,,,,
6,UNCO-WG-2524,90,4.8,,,85.2,F,95.28,,,85.2,,17/9/23,3Clv1 OK,YES,,,,,,,,,,,,,,
7.2,UNCJG-ER-269,122,1,,,121,F,94.11,,,121,,18/9/23,3Llv1 OK,YES,,,,,,,,,,,,,,
5.8,RARE-WL-1041,,7.5,83,3.81,-90.5,4,68.75,2Elv1 ,,-90.5,,18/9/23,3Elv1 F,NO,,,,,,,,,,,,,,
10.6,RARE-WL-1041,,11,92,7.27,-103,4,68.41,2Llv1 + 1Clv2,,-103,6.2,19/9/23,3Rlv1 F,NO,,,,,,,,,,,,,,
7.2,UNCJG-ER-269,124,1,,,123,,93.76,,,123,,19/9/23,3Rlv1 OK,YES,,,,,,,,,,,,,,
2.8,RARE-WL-1041,,3,,1.7,-3,F,68.33,,,-3,,19/9/23,3Rlv1 F,NO,,,,,,,,,,,,,,
4.6,UNCO-WG-2524,68,3,,,65,F,95.11,,,65,,20/9/23,3Rlv1 OK,YES,,,,,,,,,,,,,,
8,WL-925,77,10,92,,-25,4,78.19,2Rlv1,,-25,0.2,20/9/23,3Rlv1 F,NO,,,,,,,,,,,,,,
4.8,UNCJG-ER-269,90,,,,90,F,93.56,,,90,,20/9/23,3Rlv1 F,NO,,,,,,,,,,,,,,
2,UNCO-WG-2524,28.6,1.92,,,26.68,F,95.02,,,26.68,,20/9/23,3Rlv1 F,NO,,,,,,,,,,,,,,
6.4,OG-T-45727,143,4.8,92,,46.2,4,98.41,2Llv1,,46.2,,21/9/23,3Rlv1 F,NO,,,,,,,,,,,,,,
7,OG-T-45727,157,4.8,80,,72.2,4,98.09,2Elv1,,72.2,0.2,21/9/23,3Clv1 F,NO,,,,,,,,,,,,,,
6.8,OG-T-45727,149,4.8,91,,53.2,4,97.77,2Elv1,,53.2,0.2,22/9/23,3Clv1 OK,YES,,,,,,,,,,,,,,
4.2,UNC-WEG-168,82,5.5,,,76.5,F,48.42,,,76.5,,22/9/23,3Elv1 F,NO,,,,,,,,,,,,,,
11.6,RARE-WL-1041,,11,,9.41,-101,5,68.01,,,-101,,22/9/23,3Llv1 F,NO,,,,,,,,,,,,,,
3.6,UNC-WEG-168,69.22,5.5,,,63.72,F,48.22,,,63.72,,22/9/23,3Clv1 OK,YES,,,,,,,,,,,,,,
7.2,OG-T-45727,164.5,4.8,90,,69.7,4,97.41,2Rlv1 + 1Rlv2,,69.7,0.3,23/9/23,3Llv1 F,NO,,,,,,,,,,,,,,
6.8,UNC-WEG-168,136,11.1,,,124.9,F,47.85,,,124.9,,23/9/23,3Rlv2 F,,NO,,,,,,,,,,,,,
7.2,OG-T-45727,153,4.8,27,,121.2,3,97.06,1Rlv1,,121.2,0.1,24/9/23,3Elv2 F,,NO,,,,,,,,,,,,,
6.8,OG-T-45727,146.5,4.8,82,,59.7,4,96.79,2Elv1,,59.7,0.2,24/9/23,3Rlv2 OK,,YES,,,,,,,,,,,,,
13.6,OG-T-45727,299,11.5,,,287.5,5,96.11,,,287.5,,25/9/23,3Llv1 OK,YES,,,,,,,,,,,,,,
10.2,RARE-WL-1041,,11,,6.47,-11,5,67.62,,,-11,,25/9/23,3Llv1 F,NO,,,,,,,,,,,,,,
9.6,UNC-WEG-168,188.5,12.5,,,176,F,47.25,,,176,,26/9/23,3Llv2 OK,,YES,,,,,,,,,,,,,
4.2,UNCJG-ER-269,85,1,,,84,F,93.36,,,84,,26/9/23,3Clv1 F,NO,,,,,,,,,,,,,,
1.8,UNCO-WG-2524,27,1.9,,,25.1,F,94.95,,,25.1,,26/9/23,3Clv1 F,NO,,,,,,,,,,,,,,
15,RARE-WL-1041,,18,,9.66,-18,6,67.12,,,-18,,27/9/23,3Llv1 F,NO,,,,,,,,,,,,,,
2.6,UNC-WEG-168,53.6,3.3,,,50.3,F,47.12,,,50.3,,27/9/23,3Clv1 F,NO,,,,,,,,,,,,,,
4.8,UNC-WEG-168,96,5.5,,,90.5,F,46.84,,,90.5,,27/9/23,3Elv2 OK,,YES,,,,,,,,,,,,,
12.8,UNC-WEG-168,250,16,,,234,F,46.11,,,234,,28/9/23,3Rlv2 F,,NO,,,,,,,,,,,,,
3.2,UNCO-WG-2524,50,3,,,47,F,94.83,,,47,,28/9/23,3Llv1 OK,YES,,,,,,,,,,,,,,
17,UNCO-WG-2524,252,14,24,,214,3,94.02,2Elv1,,214,0.2,29/9/23,3Llv1 F,NO,,,,,,,,,,,,,,
3.6,UNCO-WG-2524,48,3,,,45,F,93.86,,,45,,29/9/23,3Llv1 OK,YES,,,,,,,,,,,,,,
18.4,RARE-WL-1041,,18,,11.18,-18,6,66.45,,,-18,,30/9/23,3Llv2 F,,NO,,,,,,,,,,,,,
5,UNCO-WG-2524,74,3,,,71,F,93.86,,,71,,30/9/23,3Clv1 OK,YES,,,,,,,,,,,,,,
,,,,,,,,,,,,,,3Rlv2 OK,,YES,,,,,,,,,,,,,
,,,,,,,,,,,,,,3Elv1 F,NO,,,,,,,,,,,,,,
,,,,,,,,,,,,,,3Rlv2 OK,,YES,,,,,,,,,,,,,
,,,,,,,,,,,,,,3Rlv2 F,,NO,,,,,,,,,,,,,
,,,,,,,,,,,,,,3Rlv3 OK,,,YES,,,,,,,,,,,,
,,,,,,,,,,,,,,3Rlv2 OK,,YES,,,,,,,,,,,,,
,,,,,,,,,,,,,,3Rlv2 OK,,YES,,,,,,,,,,,,,
,,,,,,,,,,,,,,3Elv1 F,NO,,,,,,,,,,,,,,
,,,,,,,,,,,,,,3Clv1 OK,YES,,,,,,,,,,,,,,
,,,,,,,,,,,,,,3Rlv2 F,,NO,,,,,,,,,,,,,
,,,,,,,,,,,,,,3Rlv2 OK,,YES,,,,,,,,,,,,,
,,,,,,,,,,,,,,3Rlv2 F,,NO,,,,,,,,,,,,,
,,,,,,,,,,,,,,3Clv1 F,NO,,,,,,,,,,,,,,
,,,,,,,,,,,,,,3Rlv2 F,,NO,,,,,,,,,,,,,
,,,,,,,,,,,,,,3Elv1 F,NO,,,,,,,,,,,,,,
,,,,,,,,,,,,,,3Clv1 OK,YES,,,,,,,,,,,,,,
,,,,,,,,,,,,,,3Rlv2 OK,,YES,,,,,,,,,,,,,
,,,,,,,,,,,,,,3Elv1 OK,YES,,,,,,,,,,,,,,
,,,,,,,,,,,,,,3Llv1 F,NO,,,,,,,,,,,,,,
,,,,,,,,,,,,,,3Elv2 F,,NO,,,,,,,,,,,,,
,,,,,,,,,,,,,,3Llv1 F,NO,,,,,,,,,,,,,,
,,,,,,,,,,,,,,3Clv1 OK,YES,,,,,,,,,,,,,,
,,,,,,,,,,,,,,3Rlv3 F,,,NO,,,,,,,,,,,,
,,,,,,,,,,,,,,3Rlv2 OK,,YES,,,,,,,,,,,,,
,,,,,,,,,,,,,,3Elv1 F,NO,,,,,,,,,,,,,,
,,,,,,,,,,,,,,3Rlv2 OK,,YES,,,,,,,,,,,,,
,,,,,,,,,,,,,,3Rlv3 F,,,NO,,,,,,,,,,,,
,,,,,,,,,,,,,,3Rlv2 OK,,YES,,,,,,,,,,,,,
,,,,,,,,,,,,,,3Rlv2 F,,NO,,,,,,,,,,,,,
,,,,,,,,,,,,,,3Clv1 OK,YES,,,,,,,,,,,,,,
,,,,,,,,,,,,,,3Llv2 F,,NO,,,,,,,,,,,,,
,,,,,,,,,,,,,,3Llv2 F,,NO,,,,,,,,,,,,,
,,,,,,,,,,,,,,3Rlv2 F,,NO,,,,,,,,,,,,,
,,,,,,,,,,,,,,3Llv3 OK,,,YES,,,,,,,,,,,,
,,,,,,,,,,,,,,3Elv2 OK,,YES,,,,,,,,,,,,,
,,,,,,,,,,,,,,3Rlv3 OK,,,YES,,,,,,,,,,,,
,,,,,,,,,,,,,,3Rlv3 OK,,,YES,,,,,,,,,,,,